Height_cm,Weight_kg,Gender,Age,BMI,BMI_Category,Weight_Change_Required_kg
188,117,Male,63,33.103214124038026,Obese,-39.2432
178,79,Male,36,24.933720489837143,Obese,-9.295199999999994
164,80,Female,21,29.744199881023206,Overweight,-20.828800000000008
157,50,Male,43,20.28479857195018,Normal,4.227800000000002
170,62,Male,55,21.453287197231838,Normal,1.5799999999999912
188,40,Female,59,11.317338162064283,Underweight,37.7568
168,85,Male,49,30.116213151927443,Obese,-22.90720000000001
172,60,Male,56,20.281233098972418,Normal,5.084799999999987
160,75,Female,62,29.296874999999993,Overweight,-18.679999999999993
160,93,Female,63,36.32812499999999,Obese,-36.67999999999999
173,96,Male,53,32.075912994086,Obese,-30.1562
185,40,Male,57,11.68736303871439,Underweight,35.295
189,102,Female,54,28.554631729234906,Overweight,-23.41380000000001
173,93,Male,50,31.073540713020815,Obese,-27.1562
152,94,Male,53,40.68559556786703,Obese,-43.1712
171,79,Male,20,27.01685988851271,Overweight,-14.66980000000001
151,54,Female,26,23.683171790710933,Normal,-3.8378000000000014
173,60,Male,25,20.04744562130375,Normal,5.843800000000002
179,86,Male,50,26.840610467838083,Overweight,-15.509799999999998
187,112,Female,23,32.028367983070716,Obese,-35.06819999999999
151,92,Male,58,40.349107495285295,Obese,-41.8378
170,48,Male,56,16.60899653979239,Underweight,15.579999999999991
182,113,Female,21,34.1142374109407,Obese,-40.12719999999999
161,91,Female,30,35.10667026735079,Obese,-33.9738
171,96,Female,66,32.83061454806607,Obese,-31.66980000000001
174,65,Female,19,21.469150482230148,Normal,1.607200000000006
176,80,Male,22,25.826446280991735,Overweight,-11.852800000000002
177,74,Male,61,23.620287912158062,Normal,-5.0762
165,102,Female,44,37.46556473829202,Obese,-42.105000000000004
164,64,Female,49,23.795359904818564,Normal,-4.828800000000008
152,114,Male,38,49.3421052631579,Obese,-63.1712
186,77,Female,25,22.25690831309978,Normal,-0.8887999999999892
156,41,Male,55,16.847468770545692,Underweight,12.539200000000008
170,46,Female,25,15.91695501730104,Underweight,17.57999999999999
158,73,Male,67,29.242108636436463,Overweight,-18.079199999999993
188,56,Female,20,15.844273426889997,Underweight,21.7568
167,82,Female,61,29.402273297715947,Overweight,-20.644199999999998
153,98,Male,20,41.864240249476694,Obese,-46.5002
174,90,Female,39,29.72651605231867,Overweight,-23.392799999999994
163,93,Male,23,35.00319921713275,Obese,-34.5482
158,63,Male,19,25.236340330075304,Overweight,-8.079199999999993
175,64,Male,40,20.897959183673468,Normal,3.375
151,110,Male,61,48.243498092188936,Obese,-59.8378
169,91,Male,19,31.861629494765594,Obese,-28.165800000000004
177,109,Female,55,34.79204570844904,Obese,-40.0762
156,72,Female,34,29.585798816568044,Overweight,-18.460799999999992
157,88,Male,52,35.70124548663232,Obese,-33.7722
184,68,Female,51,20.085066162570886,Normal,6.483200000000011
163,102,Male,40,38.39060559298431,Obese,-43.5482
166,61,Female,47,22.136739730004358,Normal,-0.3768000000000029
185,65,Female,69,18.991964937910883,Normal,10.295000000000002
189,67,Female,25,18.75647378292881,Normal,11.586199999999991
153,88,Female,39,37.5923789995301,Obese,-36.5002
151,110,Male,61,48.243498092188936,Obese,-59.8378
155,88,Male,53,36.628511966701346,Obese,-35.144999999999996
153,59,Female,22,25.20398137468495,Overweight,-7.5001999999999995
178,102,Female,30,32.19290493624542,Obese,-32.295199999999994
167,100,Male,46,35.8564308508731,Obese,-38.6442
175,88,Female,48,28.73469387755102,Overweight,-20.625
183,110,Male,64,32.846606348353184,Obese,-36.32419999999999
159,40,Male,33,15.822158933586486,Underweight,15.618200000000002
185,52,Male,59,15.193571950328705,Underweight,23.295
163,90,Female,47,33.87406375851557,Obese,-31.5482
180,95,Male,33,29.320987654320987,Overweight,-23.72
164,101,Female,29,37.55205234979179,Obese,-41.82880000000001
157,71,Male,34,28.804413972169254,Overweight,-16.772199999999998
163,69,Female,33,25.970115548195267,Overweight,-10.548200000000001
172,68,Female,29,22.985397512168742,Normal,-2.915200000000013
189,88,Female,25,24.635368550712467,Normal,-9.413800000000009
170,84,Male,37,29.065743944636683,Overweight,-20.42000000000001
165,69,Male,20,25.344352617079892,Overweight,-9.105000000000004
167,55,Female,33,19.721036967980208,Normal,6.355800000000002
173,79,Female,47,26.395803401383272,Overweight,-13.156199999999998
175,58,Female,62,18.93877551020408,Normal,9.375
174,57,Male,40,18.826793499801823,Normal,9.607200000000006
178,40,Male,45,12.624668602449185,Underweight,29.704800000000006
164,117,Male,68,43.50089232599644,Obese,-57.82880000000001
150,86,Male,57,38.22222222222222,Obese,-36.5
174,105,Female,22,34.68093539437178,Obese,-38.392799999999994
156,77,Female,37,31.640368178829714,Obese,-23.460799999999992
158,90,Male,57,36.05191475725044,Obese,-35.07919999999999
173,102,Male,61,34.08065755621638,Obese,-36.1562
150,43,Female,18,19.11111111111111,Normal,6.5
157,40,Male,47,16.227838857560144,Underweight,14.227800000000002
173,47,Male,38,15.703832403354605,Underweight,18.8438
160,68,Male,37,26.562499999999996,Overweight,-11.679999999999993
166,94,Male,23,34.11235302656409,Obese,-33.3768
157,42,Male,39,17.03923080043815,Underweight,12.227800000000002
184,71,Male,35,20.97117202268431,Normal,3.4832000000000107
184,49,Female,25,14.473062381852552,Underweight,25.48320000000001
182,113,Male,56,34.1142374109407,Obese,-40.12719999999999
154,73,Male,49,30.78090740428403,Obese,-20.824800000000003
188,94,Female,50,26.595744680851066,Overweight,-16.2432
177,71,Female,33,22.66270867247598,Normal,-2.0762
156,89,Female,29,36.571334648257725,Obese,-35.46079999999999
158,46,Male,55,18.426534209261334,Underweight,8.920800000000007
157,47,Female,69,19.067710657633167,Normal,7.227800000000002
161,104,Male,51,40.121908876972334,Obese,-46.9738
183,96,Male,31,28.666129176744597,Overweight,-22.32419999999999
182,106,Male,53,32.00096606690013,Obese,-33.12719999999999
172,98,Female,50,33.12601406165495,Obese,-32.91520000000001
173,111,Female,40,37.08777439941194,Obese,-45.1562
186,93,Female,67,26.881720430107524,Overweight,-16.88879999999999
184,106,Female,62,31.30907372400756,Obese,-31.51679999999999
189,90,Female,19,25.195263290501387,Overweight,-11.413800000000009
171,47,Male,58,16.073321705824014,Underweight,17.33019999999999
176,73,Male,38,23.56663223140496,Normal,-4.852800000000002
184,74,Male,19,21.85727788279773,Normal,0.48320000000001073
150,117,Male,44,52.0,Obese,-67.5
184,71,Female,26,20.97117202268431,Normal,3.4832000000000107
186,85,Female,18,24.56931437160365,Normal,-8.88879999999999
163,55,Male,28,20.70081674131507,Normal,3.4517999999999986
152,107,Female,20,46.31232686980609,Obese,-56.1712
150,76,Female,69,33.77777777777778,Obese,-26.5
154,93,Male,40,39.21403272052623,Obese,-40.8248
175,53,Male,43,17.306122448979593,Underweight,14.375
163,94,Female,21,35.37957770333848,Obese,-35.5482
188,87,Female,35,24.615210502489816,Normal,-9.243200000000002
176,46,Male,23,14.850206611570249,Underweight,22.147199999999998
158,113,Male,52,45.2651818618811,Obese,-58.07919999999999
164,46,Male,39,17.102914931588344,Underweight,13.171199999999992
164,72,Female,60,26.769779892920884,Overweight,-12.828800000000008
175,62,Male,32,20.244897959183675,Normal,5.375
162,58,Male,39,22.10028959000152,Normal,-0.26319999999999055
181,58,Female,54,17.70397729007051,Underweight,14.074200000000005
188,75,Female,69,21.22000905387053,Normal,2.7567999999999984
181,68,Female,59,20.756387167668876,Normal,4.074200000000005
153,99,Female,29,42.29142637447136,Obese,-47.5002
179,41,Female,64,12.796104990480947,Underweight,29.4902
186,40,Male,66,11.562030292519365,Underweight,36.11120000000001
172,86,Male,59,29.069767441860467,Overweight,-20.915200000000013
188,108,Female,55,30.556813037573566,Obese,-30.2432
164,59,Female,35,21.936347412254616,Normal,0.1711999999999918
178,50,Female,62,15.780835753061481,Underweight,19.704800000000006
185,41,Female,52,11.979547114682248,Underweight,34.295
162,106,Female,47,40.39018442310623,Obese,-48.26319999999999
181,51,Male,41,15.567290375751655,Underweight,21.074200000000005
156,59,Male,59,24.243918474687703,Normal,-5.460799999999992
171,44,Male,47,15.047365001196951,Underweight,20.33019999999999
177,76,Male,31,24.258674071946118,Normal,-7.0762
151,77,Female,23,33.77044866453226,Obese,-26.8378
155,48,Male,20,19.979188345473464,Normal,4.855000000000004
177,92,Female,33,29.365763350250564,Overweight,-23.0762
177,83,Female,24,26.493025631204315,Overweight,-14.0762
169,63,Female,69,22.058051188683873,Normal,-0.1658000000000044
179,113,Male,31,35.26731375425236,Obese,-42.5098
160,69,Female,26,26.953124999999996,Overweight,-12.679999999999993
177,98,Male,32,31.28092182961473,Obese,-29.0762
174,53,Male,38,17.50561500858766,Underweight,13.607200000000006
188,48,Female,52,13.58080579447714,Underweight,29.7568
182,79,Female,19,23.849776597029344,Normal,-6.127199999999988
150,105,Female,44,46.666666666666664,Obese,-55.5
176,64,Male,19,20.66115702479339,Normal,4.147199999999998
162,112,Female,52,42.676421277244316,Obese,-54.26319999999999
152,61,Male,35,26.40235457063712,Overweight,-10.171199999999999
188,43,Female,31,12.166138524219104,Underweight,34.7568
155,65,Female,37,27.055150884495315,Overweight,-12.144999999999996
157,97,Male,35,39.35250922958335,Obese,-42.7722
176,68,Male,27,21.952479338842977,Normal,0.147199999999998
158,76,Male,42,30.443839128344813,Obese,-21.079199999999993
186,114,Male,19,32.95178633368019,Obese,-37.88879999999999
182,109,Male,42,32.906653785774665,Obese,-36.12719999999999
173,57,Male,50,19.045073340238563,Normal,8.843800000000002
164,81,Female,53,30.116002379535995,Obese,-21.828800000000008
181,80,Female,48,24.41927902078691,Normal,-7.925799999999995
181,77,Male,31,23.503556057507403,Normal,-4.925799999999995
173,73,Female,18,24.3910588392529,Normal,-7.156199999999998
161,56,Male,63,21.60410477990818,Normal,1.0262000000000029
188,76,Female,33,21.50294250792214,Normal,1.7567999999999984
151,64,Female,63,28.068944344546292,Overweight,-13.837800000000001
152,115,Male,69,49.77493074792244,Obese,-64.1712
186,66,Male,20,19.07734998265695,Normal,10.11120000000001
166,96,Male,52,34.838147771810135,Obese,-35.3768
151,70,Female,58,30.700407876847507,Obese,-19.8378
151,45,Male,23,19.735976492259113,Normal,5.162199999999999
177,79,Female,42,25.2162533116282,Overweight,-10.0762
172,51,Male,30,17.239048134126556,Underweight,14.084799999999987
186,92,Female,51,26.59266967279454,Overweight,-15.88879999999999
181,110,Female,25,33.576508653582,Obese,-37.925799999999995
182,49,Male,38,14.792899408284022,Underweight,23.872800000000012
150,84,Female,51,37.333333333333336,Obese,-34.5
168,56,Female,21,19.841269841269845,Normal,6.09279999999999
151,65,Male,42,28.507521599929827,Overweight,-14.837800000000001
175,101,Female,32,32.97959183673469,Obese,-33.625
181,85,Male,21,25.94548395958609,Overweight,-12.925799999999995
155,103,Male,62,42.872008324661806,Obese,-50.144999999999996
181,41,Male,29,12.514880498153293,Underweight,31.074200000000005
153,93,Male,49,39.728309624503396,Obese,-41.5002
160,104,Female,49,40.62499999999999,Obese,-47.67999999999999
166,90,Female,45,32.660763536072004,Obese,-29.376800000000003
187,92,Female,30,26.309016557522373,Overweight,-15.06819999999999
173,75,Male,48,25.05930702662969,Overweight,-9.156199999999998
154,65,Female,31,27.40765727778715,Overweight,-12.824800000000003
183,68,Female,37,20.305174833527424,Normal,5.6758000000000095
155,60,Male,35,24.97398543184183,Obese,-7.144999999999996
171,50,Male,46,17.09927841045108,Underweight,14.33019999999999
160,79,Female,23,30.859374999999993,Obese,-22.679999999999993
165,50,Male,49,18.36547291092746,Underweight,9.894999999999996
182,75,Male,46,22.6421929718633,Normal,-2.1271999999999878
158,98,Male,60,39.25652940233936,Obese,-43.07919999999999
155,78,Male,19,32.46618106139438,Obese,-25.144999999999996
165,93,Female,40,34.159779614325075,Obese,-33.105000000000004
178,94,Male,36,29.667971215755585,Overweight,-24.295199999999994
152,63,Male,48,27.268005540166204,Overweight,-12.171199999999999
169,61,Male,68,21.35779559539232,Normal,1.8341999999999956
185,108,Male,22,31.55588020452885,Obese,-32.705
168,95,Male,36,33.6592970521542,Obese,-32.90720000000001
175,72,Male,51,23.510204081632654,Normal,-4.625
152,75,Male,27,32.46191135734072,Obese,-24.1712
168,59,Male,42,20.904195011337873,Normal,3.09279999999999
169,101,Female,19,35.36290746122335,Obese,-38.165800000000004
181,112,Male,28,34.18699062910168,Obese,-39.925799999999995
156,65,Female,67,26.709401709401707,Overweight,-11.460799999999992
182,105,Male,48,31.69907016060862,Obese,-32.12719999999999
189,112,Male,32,31.354105428179505,Obese,-33.41380000000001
188,112,Male,26,31.688546853779993,Obese,-34.2432
167,79,Male,40,28.326580372189753,Overweight,-17.644199999999998
189,56,Female,36,15.677052714089752,Underweight,22.58619999999999
150,40,Male,26,17.77777777777778,Underweight,9.5
160,100,Male,52,39.06249999999999,Obese,-43.67999999999999
177,82,Female,38,26.173832551310287,Overweight,-13.0762
174,81,Female,26,26.7538644470868,Overweight,-14.392799999999994
172,64,Male,45,21.63331530557058,Normal,1.084799999999987
180,78,Female,63,24.074074074074073,Normal,-6.719999999999999
179,74,Female,68,23.095409007209515,Normal,-3.5097999999999985
184,42,Female,24,12.4054820415879,Underweight,32.48320000000001
156,83,Male,33,34.10585141354372,Obese,-29.460799999999992
165,90,Male,33,33.057851239669425,Obese,-30.105000000000004
175,51,Male,50,16.653061224489797,Underweight,16.375
151,58,Female,21,25.437480812245077,Overweight,-7.837800000000001
150,83,Male,21,36.888888888888886,Obese,-33.5
161,98,Female,56,37.80718336483932,Obese,-40.9738
154,88,Male,57,37.10575139146568,Obese,-35.8248
186,100,Male,34,28.905075731298414,Overweight,-23.88879999999999
181,56,Female,54,17.09349531455084,Underweight,16.074200000000005
158,113,Male,56,45.2651818618811,Obese,-58.07919999999999
184,96,Female,69,28.35538752362949,Overweight,-21.51679999999999
168,94,Female,46,33.30498866213152,Obese,-31.90720000000001
165,86,Male,69,31.58861340679523,Obese,-26.105000000000004
152,51,Female,53,22.07409972299169,Normal,-0.1711999999999989
169,101,Male,55,35.36290746122335,Obese,-38.165800000000004
173,119,Male,56,39.76076714891911,Obese,-53.1562
182,47,Female,67,14.189107595701001,Underweight,25.872800000000012
173,60,Male,54,20.04744562130375,Normal,5.843800000000002
160,119,Female,69,46.48437499999999,Obese,-62.67999999999999
157,109,Male,52,44.22086088685139,Obese,-54.7722
185,111,Male,24,32.43243243243243,Obese,-35.705
187,64,Male,44,18.301924561754696,Underweight,12.93180000000001
189,51,Male,45,14.277315864617453,Underweight,27.58619999999999
169,54,Male,39,18.906901018871892,Normal,8.834199999999996
184,98,Female,31,28.946124763705104,Overweight,-23.51679999999999
174,65,Female,24,21.469150482230148,Normal,1.607200000000006
184,65,Female,54,19.198960302457465,Normal,9.48320000000001
174,86,Female,39,28.405337561104506,Overweight,-19.392799999999994
178,71,Female,22,22.408786769347305,Normal,-1.2951999999999941
167,49,Female,19,17.569651116927822,Underweight,12.355800000000002
167,55,Male,44,19.721036967980208,Normal,6.355800000000002
151,110,Male,38,48.243498092188936,Obese,-59.8378
184,56,Female,55,16.5406427221172,Underweight,18.48320000000001
165,62,Female,32,22.77318640955005,Normal,-2.105000000000004
185,65,Male,38,18.991964937910883,Normal,10.295000000000002
182,46,Male,27,13.88721168940949,Underweight,26.872800000000012
153,53,Male,40,22.64086462471699,Normal,-1.5001999999999995
182,118,Female,56,35.62371694239826,Obese,-45.12719999999999
163,46,Female,22,17.31341036546351,Underweight,12.451799999999999
170,48,Female,18,16.60899653979239,Underweight,15.579999999999991
169,87,Male,30,30.461118308182492,Obese,-24.165800000000004
157,111,Male,38,45.0322528297294,Obese,-56.7722
156,98,Female,43,40.269559500328725,Obese,-44.46079999999999
152,78,Female,67,33.76038781163435,Obese,-27.1712
166,57,Male,62,20.685150239512268,Normal,3.623199999999997
182,98,Male,38,29.585798816568044,Overweight,-25.127199999999988
161,56,Male,35,21.60410477990818,Normal,1.0262000000000029
171,53,Male,54,18.125235115078144,Underweight,11.33019999999999
171,70,Female,62,23.938989774631512,Normal,-5.669800000000009
179,63,Male,49,19.66230766829999,Normal,7.4902000000000015
187,99,Male,53,28.310789556464293,Overweight,-22.06819999999999
187,84,Male,34,24.021275987303035,Normal,-7.06819999999999
157,42,Female,52,17.03923080043815,Underweight,12.227800000000002
176,76,Female,66,24.535123966942148,Normal,-7.852800000000002
176,82,Male,28,26.47210743801653,Overweight,-13.852800000000002
183,79,Male,38,23.589835468362743,Normal,-5.3241999999999905
170,94,Male,69,32.52595155709343,Obese,-30.42000000000001
179,78,Female,43,24.343809494085704,Normal,-7.5097999999999985
182,54,Female,21,16.302378939741576,Underweight,18.872800000000012
177,43,Female,51,13.725302435443199,Underweight,25.9238
182,64,Male,69,19.32133800265668,Normal,8.872800000000012
154,52,Female,65,21.926125822229718,Normal,0.1751999999999967
168,72,Male,35,25.510204081632658,Overweight,-9.90720000000001
153,55,Male,57,23.49523687470631,Normal,-3.5001999999999995
184,81,Male,52,23.92485822306238,Normal,-6.516799999999989
166,105,Female,58,38.10422412541733,Obese,-44.3768
177,94,Male,46,30.00414951003862,Obese,-25.0762
179,81,Female,69,25.280109859242845,Overweight,-10.509799999999998
178,73,Female,46,23.04002019946976,Normal,-3.295199999999994
155,69,Male,55,28.720083246618103,Overweight,-16.144999999999996
184,52,Male,59,15.359168241965973,Underweight,22.48320000000001
186,52,Female,38,15.030639380275174,Underweight,24.11120000000001
173,57,Male,59,19.045073340238563,Normal,8.843800000000002
178,71,Female,30,22.408786769347305,Normal,-1.2951999999999941
180,78,Male,66,24.074074074074073,Normal,-6.719999999999999
184,85,Female,58,25.10633270321361,Overweight,-10.51679999999999
182,68,Female,34,20.528921627822726,Normal,4.872800000000012
170,101,Female,26,34.94809688581315,Obese,-37.42000000000001
181,101,Female,58,30.829339763743477,Obese,-28.925799999999995
172,96,Male,18,32.44997295835587,Obese,-30.915200000000013
182,55,Male,19,16.604274846033086,Underweight,17.872800000000012
152,95,Female,65,41.11842105263158,Obese,-44.1712
167,49,Female,46,17.569651116927822,Underweight,12.355800000000002
174,69,Male,50,22.79032897344431,Normal,-2.392799999999994
180,64,Male,27,19.753086419753085,Normal,7.280000000000001
152,44,Male,67,19.04432132963989,Normal,6.828800000000001
189,104,Male,57,29.114526469023826,Overweight,-25.41380000000001
173,88,Male,38,29.402920244578837,Overweight,-22.1562
181,42,Male,45,12.820121485913129,Underweight,30.074200000000005
171,84,Female,28,28.726787729557817,Overweight,-19.66980000000001
172,53,Male,51,17.915089237425637,Underweight,12.084799999999987
151,69,Male,25,30.26183062146397,Obese,-18.8378
176,107,Female,39,34.54287190082645,Obese,-38.8528
151,57,Male,25,24.998903556861542,Obese,-6.837800000000001
175,101,Male,66,32.97959183673469,Obese,-33.625
166,76,Male,32,27.58020031934969,Overweight,-15.376800000000003
189,64,Male,34,17.91663167324543,Underweight,14.586199999999991
182,87,Male,40,26.26494384736143,Overweight,-14.127199999999988
158,104,Female,41,41.65999038615606,Obese,-49.07919999999999
188,92,Male,62,26.029877772747852,Overweight,-14.243200000000002
178,118,Female,36,37.242772377225094,Obese,-48.295199999999994
175,112,Female,22,36.57142857142857,Obese,-44.625
184,54,Male,49,15.949905482041586,Underweight,20.48320000000001
174,88,Female,61,29.065926806711587,Overweight,-21.392799999999994
173,107,Male,18,35.751278024658355,Obese,-41.1562
162,51,Female,40,19.43301326017375,Normal,6.7368000000000094
156,98,Female,54,40.269559500328725,Obese,-44.46079999999999
185,76,Male,25,22.205989773557338,Normal,-0.7049999999999983
169,100,Male,30,35.01277966457757,Obese,-37.165800000000004
150,82,Male,25,36.44444444444444,Obese,-32.5
157,109,Male,40,44.22086088685139,Obese,-54.7722
165,78,Male,60,28.650137741046834,Overweight,-18.105000000000004
163,95,Female,18,35.75595618954421,Obese,-36.5482
161,102,Female,62,39.35033370626133,Obese,-44.9738
172,85,Female,68,28.73174689021093,Overweight,-19.915200000000013
164,50,Female,41,18.590124925639504,Normal,9.171199999999992
177,101,Female,52,32.23850106929682,Obese,-32.0762
183,116,Female,41,34.638239421899726,Obese,-42.32419999999999
151,64,Female,34,28.068944344546292,Overweight,-13.837800000000001
181,110,Male,22,33.576508653582,Obese,-37.925799999999995
172,91,Male,37,30.75987020010817,Obese,-25.915200000000013
171,43,Female,38,14.705379432987929,Underweight,21.33019999999999
174,98,Female,57,32.368873034747,Obese,-31.392799999999994
171,111,Male,48,37.960398071201396,Obese,-46.66980000000001
171,59,Male,63,20.177148524332274,Normal,5.330199999999991
155,102,Male,53,42.45577523413111,Obese,-49.144999999999996
164,93,Male,28,34.577632361689474,Obese,-33.82880000000001
186,113,Female,69,32.662735576367204,Obese,-36.88879999999999
182,96,Male,32,28.982007003985025,Overweight,-23.127199999999988
157,80,Female,36,32.45567771512029,Obese,-25.772199999999998
154,42,Female,24,17.70956316410862,Underweight,10.175199999999997
188,45,Female,68,12.73200543232232,Underweight,32.7568
153,44,Male,45,18.79618949976505,Normal,7.4998000000000005
155,44,Male,68,18.314255983350673,Underweight,8.855000000000004
181,93,Female,60,28.387411861664784,Overweight,-20.925799999999995
179,86,Female,22,26.840610467838083,Overweight,-15.509799999999998
184,88,Female,22,25.99243856332703,Overweight,-13.51679999999999
189,48,Male,47,13.437473754934073,Underweight,30.58619999999999
165,59,Female,49,21.6712580348944,Normal,0.894999999999996
162,100,Male,25,38.10394756896814,Obese,-42.26319999999999
179,74,Female,27,23.095409007209515,Normal,-3.5097999999999985
168,89,Female,55,31.533446712018144,Obese,-26.90720000000001
166,101,Female,64,36.65263463492524,Obese,-40.3768
168,56,Male,49,19.841269841269845,Normal,6.09279999999999
177,42,Male,65,13.406109355549171,Underweight,26.9238
175,71,Female,45,23.183673469387756,Normal,-3.625
186,52,Male,34,15.030639380275174,Underweight,24.11120000000001
175,112,Female,48,36.57142857142857,Obese,-44.625
172,107,Male,25,36.168199026500815,Obese,-41.91520000000001
158,53,Male,57,21.230572023714146,Normal,1.920800000000007
161,50,Male,42,19.28937926777516,Normal,7.026200000000003
150,95,Female,26,42.22222222222222,Obese,-45.5
150,106,Male,19,47.111111111111114,Obese,-56.5
183,68,Male,32,20.305174833527424,Normal,5.6758000000000095
181,48,Female,67,14.651567412472147,Underweight,24.074200000000005
174,106,Female,20,35.01123001717532,Obese,-39.392799999999994
189,64,Female,66,17.91663167324543,Underweight,14.586199999999991
150,115,Female,53,51.111111111111114,Obese,-65.5
165,81,Male,21,29.752066115702483,Overweight,-21.105000000000004
188,48,Male,31,13.58080579447714,Underweight,29.7568
154,118,Male,58,49.75543936582898,Obese,-65.82480000000001
171,79,Male,58,27.01685988851271,Overweight,-14.66980000000001
178,64,Male,42,20.199469763918696,Normal,5.704800000000006
152,44,Female,67,19.04432132963989,Normal,6.828800000000001
161,50,Male,27,19.28937926777516,Normal,7.026200000000003
175,98,Male,38,32.0,Obese,-30.625
165,118,Male,53,43.3425160697888,Obese,-58.105000000000004
186,77,Female,29,22.25690831309978,Normal,-0.8887999999999892
171,111,Female,44,37.960398071201396,Obese,-46.66980000000001
178,44,Male,57,13.887135462694104,Underweight,25.704800000000006
163,87,Female,19,32.74492829989838,Obese,-28.5482
177,57,Female,30,18.194005553959588,Underweight,11.9238
154,109,Female,49,45.96053297351999,Obese,-56.8248
179,76,Female,48,23.719609250647608,Normal,-5.5097999999999985
154,99,Female,33,41.74397031539889,Obese,-46.8248
161,87,Female,49,33.56351992592878,Obese,-29.973799999999997
165,116,Female,49,42.6078971533517,Obese,-56.105000000000004
175,67,Male,51,21.877551020408163,Normal,0.375
175,108,Male,28,35.265306122448976,Obese,-40.625
170,116,Female,27,40.13840830449828,Obese,-52.42000000000001
188,79,Male,32,22.351742870076958,Normal,-1.2432000000000016
185,84,Male,34,24.543462381300216,Normal,-8.704999999999998
182,101,Female,57,30.491486535442576,Obese,-28.127199999999988
179,97,Male,35,30.273711806747606,Obese,-26.5098
186,106,Female,26,30.63938027517632,Obese,-29.88879999999999
172,95,Female,42,32.11195240670633,Obese,-29.915200000000013
159,79,Female,57,31.24876389383331,Obese,-23.3818
154,79,Male,31,33.310844999156686,Obese,-26.824800000000003
185,116,Male,42,33.89335281227173,Obese,-40.705
183,72,Male,67,21.49959688255845,Normal,1.6758000000000095
180,45,Male,39,13.888888888888888,Underweight,26.28
159,58,Female,69,22.942130453700404,Normal,-2.3817999999999984
168,119,Female,47,42.16269841269842,Obese,-56.90720000000001
181,79,Male,37,24.114038033027075,Normal,-6.925799999999995
150,98,Female,38,43.55555555555556,Obese,-48.5
154,98,Female,61,41.32231404958678,Obese,-45.8248
153,87,Male,49,37.165192874535435,Obese,-35.5002
165,80,Female,68,29.384756657483933,Overweight,-20.105000000000004
173,52,Male,63,17.374452871796585,Underweight,13.843800000000002
165,84,Female,66,30.85399449035813,Obese,-24.105000000000004
151,92,Male,38,40.349107495285295,Obese,-41.8378
177,81,Female,52,25.854639471416256,Overweight,-12.0762
181,102,Female,49,31.13458075150331,Obese,-29.925799999999995
176,66,Male,47,21.306818181818183,Normal,2.147199999999998
169,77,Male,56,26.959840341724732,Overweight,-14.165800000000004
173,99,Male,66,33.07828527515119,Obese,-33.1562
161,46,Male,29,17.746228926353147,Underweight,11.026200000000003
184,44,Female,58,12.996219281663516,Underweight,30.48320000000001
182,84,Female,64,25.359256128486894,Overweight,-11.127199999999988
182,97,Male,35,29.283902910276534,Overweight,-24.127199999999988
186,70,Female,38,20.23355301190889,Normal,6.111200000000011
161,62,Male,30,23.9188302920412,Normal,-4.973799999999997
152,81,Male,38,35.05886426592798,Obese,-30.1712
150,49,Female,25,21.77777777777778,Normal,0.5
182,71,Female,63,21.434609346697258,Normal,1.8728000000000122
189,92,Male,57,25.755158030290307,Overweight,-13.413800000000009
159,69,Male,63,27.29322416043669,Overweight,-13.381799999999998
178,78,Male,24,24.61810377477591,Normal,-8.295199999999994
162,70,Female,40,26.672763298277697,Overweight,-12.26319999999999
161,41,Female,61,15.817290999575631,Underweight,16.026200000000003
180,117,Female,49,36.11111111111111,Obese,-45.72
151,116,Female,28,50.874961624490155,Obese,-65.8378
184,51,Male,39,15.063799621928165,Underweight,23.48320000000001
172,78,Male,39,26.365603028664147,Overweight,-12.915200000000013
166,105,Male,60,38.10422412541733,Obese,-44.3768
175,52,Male,42,16.979591836734695,Underweight,15.375
157,85,Male,39,34.484157572315304,Obese,-30.772199999999998
178,66,Male,45,20.830703194041156,Normal,3.704800000000006
175,56,Female,46,18.285714285714285,Underweight,11.375
159,99,Female,30,39.15984336062655,Obese,-43.3818
175,103,Male,35,33.63265306122449,Obese,-35.625
183,74,Male,19,22.096807907073963,Normal,-0.3241999999999905
156,109,Female,46,44.7896120973044,Obese,-55.46079999999999
153,69,Female,38,29.475842624631554,Overweight,-17.5002
160,110,Female,32,42.96874999999999,Obese,-53.67999999999999
178,113,Female,69,35.66468880191895,Obese,-43.295199999999994
185,102,Male,44,29.802775748721693,Overweight,-26.705
174,67,Male,67,22.12973972783723,Normal,-0.39279999999999404
170,99,Male,48,34.256055363321806,Obese,-35.42000000000001
185,118,Male,32,34.47772096420745,Obese,-42.705
159,76,Male,68,30.062101973814325,Obese,-20.3818
186,61,Female,40,17.632096196092032,Underweight,15.11120000000001
158,107,Male,41,42.8617208780644,Obese,-52.07919999999999
173,59,Female,61,19.713321527615356,Normal,6.843800000000002
184,107,Male,30,31.604442344045367,Obese,-32.51679999999999
184,103,Male,39,30.42296786389414,Obese,-28.51679999999999
185,56,Male,60,16.362308254200144,Underweight,19.295
167,51,Male,54,18.286779733945284,Underweight,10.355800000000002
188,61,Male,50,17.25894069714803,Underweight,16.7568
181,56,Female,20,17.09349531455084,Underweight,16.074200000000005
173,49,Female,36,16.372080590731397,Underweight,16.8438
172,104,Female,40,35.154137371552196,Obese,-38.91520000000001
181,61,Male,46,18.619700253350018,Normal,11.074200000000005
186,89,Male,47,25.725517400855587,Overweight,-12.88879999999999
161,53,Female,56,20.446742023841672,Normal,4.026200000000003
162,103,Male,61,39.24706599603718,Obese,-45.26319999999999
172,86,Male,64,29.069767441860467,Overweight,-20.915200000000013
174,68,Female,42,22.460034350640772,Normal,-1.392799999999994
184,115,Male,54,33.96739130434783,Obese,-40.51679999999999
179,75,Female,64,23.40750912892856,Normal,-4.5097999999999985
166,91,Male,25,33.02366090869502,Obese,-30.376800000000003
169,115,Female,59,40.26469661426421,Obese,-52.165800000000004
174,46,Male,33,15.193552648962875,Underweight,20.607200000000006
171,68,Male,25,23.25501863821347,Normal,-3.6698000000000093
162,50,Female,18,19.05197378448407,Normal,7.7368000000000094
168,72,Male,61,25.510204081632658,Overweight,-9.90720000000001
185,45,Male,22,13.148283418553687,Underweight,30.295
161,118,Female,20,45.52293507194938,Obese,-60.9738
168,71,Male,18,25.15589569160998,Overweight,-8.90720000000001
161,90,Female,21,34.72088268199529,Obese,-32.9738
158,114,Male,57,45.665758692517215,Obese,-59.07919999999999
156,97,Male,52,39.85864562787639,Obese,-43.46079999999999
177,65,Male,49,20.747550193111813,Normal,3.9238
163,85,Male,59,31.992171327486922,Obese,-26.5482
180,68,Female,51,20.98765432098765,Normal,3.280000000000001
168,43,Male,60,15.235260770975058,Underweight,19.09279999999999
165,52,Female,42,19.100091827364558,Normal,7.894999999999996
154,78,Male,27,32.889188733344575,Obese,-25.824800000000003
184,54,Male,38,15.949905482041586,Underweight,20.48320000000001
161,68,Male,63,26.23355580417422,Overweight,-10.973799999999997
174,68,Male,56,22.460034350640772,Normal,-1.392799999999994
170,114,Female,44,39.446366782006926,Obese,-50.42000000000001
185,71,Female,44,20.74506939371804,Normal,4.295000000000002
172,41,Female,19,13.858842617631153,Underweight,24.084799999999987
165,86,Female,58,31.58861340679523,Obese,-26.105000000000004
188,117,Male,65,33.103214124038026,Obese,-39.2432
188,61,Female,30,17.25894069714803,Underweight,16.7568
163,114,Female,26,42.90714742745305,Obese,-55.5482
180,66,Male,69,20.37037037037037,Normal,5.280000000000001
154,106,Male,53,44.69556417608366,Obese,-53.8248
184,95,Male,39,28.060018903591683,Overweight,-20.51679999999999
172,60,Male,59,20.281233098972418,Normal,5.084799999999987
178,86,Female,43,27.143037495265748,Overweight,-16.295199999999994
160,119,Female,29,46.48437499999999,Obese,-62.67999999999999
167,98,Male,34,35.139302233855645,Obese,-36.6442
161,45,Male,31,17.360441340997646,Underweight,12.026200000000003
158,58,Male,31,23.233456176894723,Normal,-3.079199999999993
159,96,Female,51,37.97318144060757,Obese,-40.3818
166,108,Female,37,39.1929162432864,Obese,-47.3768
187,42,Male,28,12.010637993651518,Underweight,34.93180000000001
156,40,Male,33,16.43655489809336,Underweight,13.539200000000008
162,97,Female,68,36.96082914189909,Obese,-39.26319999999999
189,77,Male,48,21.55594748187341,Normal,1.586199999999991
158,54,Male,23,21.63114885435026,Normal,0.920800000000007
176,73,Female,36,23.56663223140496,Normal,-4.852800000000002
151,100,Male,54,43.857725538353584,Obese,-49.8378
154,74,Female,21,31.20256367009614,Obese,-21.824800000000003
178,103,Male,64,32.50852165130665,Obese,-33.295199999999994
186,64,Male,21,18.499248468030984,Underweight,12.11120000000001
187,63,Female,37,18.015956990477278,Underweight,13.93180000000001
168,51,Female,27,18.069727891156464,Underweight,11.09279999999999
157,57,Male,41,23.124670372023203,Normal,-2.772199999999998
150,54,Female,52,24.0,Normal,-4.5
171,119,Male,43,40.696282616873575,Obese,-54.66980000000001
166,66,Male,54,23.95122659311947,Normal,-5.376800000000003
156,111,Female,55,45.611439842209066,Obese,-57.46079999999999
174,99,Male,38,32.69916765755053,Obese,-32.392799999999994
153,85,Male,57,36.31082062454612,Obese,-33.5002
185,56,Female,56,16.362308254200144,Underweight,19.295
155,92,Female,38,38.29344432882414,Obese,-39.144999999999996
180,47,Male,27,14.506172839506172,Underweight,24.28
168,118,Female,55,41.808390022675745,Obese,-55.90720000000001
188,66,Female,63,18.673607967406067,Normal,11.756799999999998
176,85,Female,21,27.44059917355372,Overweight,-16.852800000000002
159,89,Female,62,35.20430362722993,Obese,-33.3818
175,110,Male,37,35.91836734693877,Obese,-42.625
168,42,Male,34,14.880952380952383,Underweight,20.09279999999999
188,103,Male,24,29.14214576731553,Overweight,-25.2432
152,83,Female,21,35.924515235457065,Obese,-32.1712
162,92,Female,46,35.055631763450684,Obese,-34.26319999999999
177,63,Female,31,20.109164033323754,Normal,5.9238
169,99,Female,20,34.6626518679318,Obese,-36.165800000000004
177,42,Female,41,13.406109355549171,Underweight,26.9238
157,59,Female,54,23.93606231490121,Normal,-4.772199999999998
188,85,Female,33,24.049343594386603,Normal,-7.243200000000002
150,54,Male,69,24.0,Normal,-4.5
152,64,Male,21,27.700831024930746,Overweight,-13.171199999999999
162,117,Female,41,44.58161865569272,Obese,-59.26319999999999
177,110,Female,51,35.111238788343066,Obese,-41.0762
174,56,Female,47,18.49649887699828,Underweight,10.607200000000006
182,48,Male,35,14.491003501992513,Underweight,24.872800000000012
187,77,Male,36,22.019502988361115,Normal,-0.06819999999999027
155,87,Female,48,36.21227887617065,Obese,-34.144999999999996
181,99,Female,36,30.218857788223804,Obese,-26.925799999999995
170,102,Male,66,35.294117647058826,Obese,-38.42000000000001
165,41,Male,63,15.059687786960517,Underweight,18.894999999999996
170,111,Male,36,38.4083044982699,Obese,-47.42000000000001
160,50,Male,39,19.531249999999996,Normal,6.320000000000007
186,103,Female,41,29.772228003237366,Overweight,-26.88879999999999
185,116,Male,62,33.89335281227173,Obese,-40.705
184,111,Male,29,32.7859168241966,Obese,-36.51679999999999
168,60,Female,47,21.258503401360546,Normal,2.09279999999999
169,57,Male,55,19.95728440880922,Normal,5.834199999999996
167,103,Male,48,36.9321237763993,Obese,-41.6442
163,77,Male,53,28.981143437841094,Overweight,-18.5482
164,71,Female,36,26.397977394408095,Overweight,-11.828800000000008
180,50,Male,65,15.432098765432098,Underweight,21.28
150,84,Female,62,37.333333333333336,Obese,-34.5
152,72,Female,53,31.16343490304709,Obese,-21.1712
165,80,Male,47,29.384756657483933,Overweight,-20.105000000000004
172,47,Male,66,15.886965927528395,Underweight,18.084799999999987
160,50,Male,50,19.531249999999996,Normal,6.320000000000007
161,90,Male,35,34.72088268199529,Obese,-32.9738
159,80,Female,69,31.644317867172973,Obese,-24.3818
181,56,Male,66,17.09349531455084,Underweight,16.074200000000005
165,115,Male,45,42.24058769513316,Obese,-55.105000000000004
157,85,Male,64,34.484157572315304,Obese,-30.772199999999998
187,71,Female,28,20.303697560696612,Normal,5.93180000000001
161,118,Male,62,45.52293507194938,Obese,-60.9738
173,119,Male,50,39.76076714891911,Obese,-53.1562
177,93,Female,34,29.68495643014459,Overweight,-24.0762
157,59,Female,23,23.93606231490121,Normal,-4.772199999999998
177,72,Male,21,22.981901752370007,Normal,-3.0762
185,113,Male,37,33.01680058436815,Obese,-37.705
175,79,Male,65,25.79591836734694,Overweight,-11.625
157,71,Male,64,28.804413972169254,Overweight,-16.772199999999998
177,41,Male,44,13.086916275655144,Underweight,27.9238
177,72,Female,32,22.981901752370007,Normal,-3.0762
186,116,Female,23,33.52988784830616,Obese,-39.88879999999999
185,69,Male,64,20.16070124178232,Normal,6.295000000000002
176,72,Male,31,23.243801652892564,Normal,-3.852800000000002
166,116,Female,28,42.09609522427058,Obese,-55.3768
158,65,Male,56,26.037493991347535,Overweight,-10.079199999999993
182,61,Male,26,18.41565028378215,Underweight,11.872800000000012
169,105,Male,43,36.76341864780645,Obese,-42.165800000000004
162,77,Male,33,29.340039628105465,Overweight,-19.26319999999999
177,85,Male,22,27.13141179099237,Overweight,-16.0762
178,54,Female,69,17.043302613306402,Underweight,15.704800000000006
162,83,Male,27,31.626276482243554,Obese,-25.26319999999999
184,88,Male,67,25.99243856332703,Overweight,-13.51679999999999
155,114,Male,20,47.450572320499475,Obese,-61.144999999999996
167,100,Female,30,35.8564308508731,Obese,-38.6442
154,106,Female,60,44.69556417608366,Obese,-53.8248
174,45,Female,66,14.863258026159334,Underweight,21.607200000000006
151,48,Female,47,21.051708258409718,Normal,2.1621999999999986
159,45,Male,62,17.799928800284796,Underweight,10.618200000000002
179,112,Female,23,34.955213632533315,Obese,-41.5098
154,71,Male,34,29.93759487265981,Obese,-18.824800000000003
182,80,Male,62,24.151672503320853,Normal,-7.127199999999988
150,115,Female,68,51.111111111111114,Obese,-65.5
167,47,Female,36,16.85252249991036,Underweight,14.355800000000002
181,111,Female,59,33.88174964134184,Obese,-38.925799999999995
160,89,Female,52,34.76562499999999,Obese,-32.67999999999999
170,101,Female,63,34.94809688581315,Obese,-37.42000000000001
175,101,Male,43,32.97959183673469,Obese,-33.625
174,46,Female,68,15.193552648962875,Underweight,20.607200000000006
171,114,Female,22,38.98635477582847,Obese,-49.66980000000001
176,119,Female,46,38.41683884297521,Obese,-50.8528
162,43,Male,54,16.384697454656298,Underweight,14.73680000000001
182,45,Female,37,13.58531578311798,Underweight,27.872800000000012
183,97,Male,66,28.964734689002356,Overweight,-23.32419999999999
184,61,Female,38,18.017485822306238,Underweight,13.48320000000001
150,65,Female,27,28.88888888888889,Overweight,-15.5
170,42,Male,22,14.532871972318341,Underweight,21.57999999999999
155,80,Female,53,33.29864724245577,Obese,-27.144999999999996
177,99,Male,23,31.600114909508758,Obese,-30.0762
166,53,Male,43,19.233560749020178,Normal,7.623199999999997
154,114,Male,21,48.068814302580535,Obese,-61.8248
180,51,Female,56,15.74074074074074,Underweight,20.28
154,51,Female,56,21.504469556417607,Normal,1.1751999999999967
187,52,Female,67,14.870313706425689,Underweight,24.93180000000001
152,64,Male,52,27.700831024930746,Overweight,-13.171199999999999
172,84,Female,18,28.393726338561386,Overweight,-18.915200000000013
186,58,Male,41,16.76494392415308,Underweight,18.11120000000001
186,94,Female,53,27.170771187420506,Overweight,-17.88879999999999
159,84,Male,23,33.22653376053162,Obese,-28.3818
159,47,Male,58,18.59103674696412,Normal,8.618200000000002
168,92,Male,63,32.596371882086174,Obese,-29.90720000000001
166,94,Female,61,34.11235302656409,Obese,-33.3768
170,71,Male,48,24.56747404844291,Normal,-7.420000000000009
163,90,Male,37,33.87406375851557,Obese,-31.5482
158,83,Male,41,33.247876942797625,Obese,-28.079199999999993
150,109,Male,42,48.44444444444444,Obese,-59.5
162,57,Male,53,21.719250114311837,Normal,0.7368000000000094
153,61,Male,38,26.05835362467427,Overweight,-9.5002
150,76,Female,47,33.77777777777778,Obese,-26.5
189,95,Female,41,26.595000139973685,Overweight,-16.41380000000001
181,98,Male,61,29.913616800463966,Obese,-25.925799999999995
183,42,Female,59,12.541431514825762,Underweight,31.67580000000001
177,67,Female,47,21.38593635289987,Normal,1.9238
180,113,Male,39,34.876543209876544,Obese,-41.72
157,74,Male,45,30.021501886486266,Obese,-19.772199999999998
188,100,Male,24,28.293345405160707,Overweight,-22.2432
175,93,Female,52,30.367346938775512,Obese,-25.625
183,102,Male,45,30.457762250291136,Obese,-28.32419999999999
152,118,Female,31,51.07340720221607,Obese,-67.1712
161,46,Male,27,17.746228926353147,Underweight,11.026200000000003
150,115,Female,33,51.111111111111114,Obese,-65.5
154,88,Male,33,37.10575139146568,Obese,-35.8248
179,70,Male,48,21.847008520333322,Normal,0.4902000000000015
179,97,Female,59,30.273711806747606,Obese,-26.5098
166,100,Female,42,36.289737262302225,Obese,-39.3768
172,63,Female,30,21.29529475392104,Normal,2.084799999999987
164,59,Female,23,21.936347412254616,Normal,0.1711999999999918
186,76,Female,61,21.967857555786793,Normal,0.11120000000001085
170,43,Female,26,14.878892733564015,Underweight,20.57999999999999
163,59,Male,62,22.20633068613798,Normal,-0.5482000000000014
151,99,Female,53,43.41914828297004,Obese,-48.8378
160,63,Male,60,24.609374999999996,Normal,-6.679999999999993
188,89,Male,37,25.18107741059303,Overweight,-11.243200000000002
187,88,Female,35,25.165146272412706,Overweight,-11.06819999999999
183,90,Male,60,26.874496103198062,Overweight,-16.32419999999999
187,75,Female,38,21.447567845806283,Normal,1.9318000000000097
183,105,Female,21,31.353578787064404,Obese,-31.32419999999999
167,118,Male,67,42.31058840403026,Obese,-56.6442
179,73,Male,50,22.783308885490467,Normal,-2.5097999999999985
164,75,Female,44,27.885187388459254,Overweight,-15.828800000000008
176,45,Female,24,14.527376033057852,Underweight,23.147199999999998
183,78,Male,23,23.291229956104985,Normal,-4.3241999999999905
187,81,Male,32,23.163373273470786,Normal,-4.06819999999999
182,97,Male,35,29.283902910276534,Overweight,-24.127199999999988
173,51,Male,49,17.04032877810819,Underweight,14.843800000000002
164,42,Female,28,15.615704937537183,Underweight,17.171199999999992
179,57,Female,37,17.789706937985706,Underweight,13.490200000000002
166,79,Female,41,28.668892437218755,Overweight,-18.376800000000003
154,60,Female,32,25.2993759487266,Overweight,-7.824800000000003
178,54,Male,65,17.043302613306402,Underweight,15.704800000000006
153,65,Male,24,27.76709812465291,Overweight,-13.5002
159,47,Female,38,18.59103674696412,Normal,8.618200000000002
166,81,Female,59,29.3946871824648,Overweight,-20.376800000000003
159,83,Female,43,32.83097978719196,Obese,-27.3818
166,53,Female,61,19.233560749020178,Normal,7.623199999999997
169,117,Female,31,40.96495220755576,Obese,-54.165800000000004
173,41,Female,54,13.69908784122423,Underweight,24.8438
154,76,Female,38,32.04587620172036,Obese,-23.824800000000003
183,108,Female,35,32.249395323837675,Obese,-34.32419999999999
155,77,Female,22,32.04994797086368,Obese,-24.144999999999996
151,80,Male,20,35.086180430682866,Obese,-29.8378
162,101,Female,40,38.48498704465782,Obese,-43.26319999999999
160,99,Male,43,38.67187499999999,Obese,-42.67999999999999
172,53,Male,54,17.915089237425637,Underweight,12.084799999999987
165,41,Female,41,15.059687786960517,Underweight,18.894999999999996
180,109,Female,66,33.641975308641975,Obese,-37.72
160,56,Male,36,21.874999999999996,Normal,0.3200000000000074
165,67,Male,68,24.609733700642796,Normal,-7.105000000000004
157,105,Female,42,42.598077001095376,Obese,-50.7722
153,74,Male,38,31.611773249604852,Obese,-22.5002
189,44,Female,29,12.317684275356234,Underweight,34.58619999999999
153,104,Female,58,44.42735699944466,Obese,-52.5002
174,79,Female,50,26.09327520147972,Overweight,-12.392799999999994
152,115,Male,67,49.77493074792244,Obese,-64.1712
181,95,Male,21,28.997893837184456,Overweight,-22.925799999999995
152,75,Female,59,32.46191135734072,Obese,-24.1712
176,84,Male,24,27.117768595041323,Overweight,-15.852800000000002
178,62,Male,39,19.568236333796236,Normal,7.704800000000006
181,86,Male,50,26.25072494734593,Overweight,-13.925799999999995
168,70,Male,34,24.801587301587304,Normal,-7.90720000000001
170,50,Male,41,17.301038062283737,Underweight,13.579999999999991
154,49,Male,51,20.66115702479339,Normal,3.1751999999999967
167,106,Male,45,38.00781670192549,Obese,-44.6442
177,53,Female,60,16.917233234383477,Underweight,15.9238
171,119,Male,58,40.696282616873575,Obese,-54.66980000000001
170,113,Male,56,39.10034602076125,Obese,-49.42000000000001
155,49,Male,39,20.39542143600416,Normal,3.855000000000004
150,115,Male,66,51.111111111111114,Obese,-65.5
154,40,Male,34,16.866250632484398,Underweight,12.175199999999997
161,44,Male,51,16.97465375564214,Underweight,13.026200000000003
175,59,Male,23,19.26530612244898,Normal,8.375
183,47,Male,63,14.034459076114544,Underweight,26.67580000000001
163,82,Female,23,30.863035868869737,Obese,-23.5482
175,115,Male,51,37.55102040816327,Obese,-47.625
176,40,Male,18,12.913223140495868,Underweight,28.147199999999998
158,96,Male,27,38.45537574106713,Obese,-41.07919999999999
175,103,Male,38,33.63265306122449,Obese,-35.625
171,67,Female,22,22.91303307000445,Normal,-2.6698000000000093
179,76,Female,19,23.719609250647608,Normal,-5.5097999999999985
166,86,Female,39,31.20917404557991,Obese,-25.376800000000003
175,115,Female,65,37.55102040816327,Obese,-47.625
185,76,Female,19,22.205989773557338,Normal,-0.7049999999999983
150,88,Female,27,39.111111111111114,Obese,-38.5
157,83,Female,51,33.6727656294373,Obese,-28.772199999999998
184,95,Female,33,28.060018903591683,Overweight,-20.51679999999999
164,67,Female,65,24.910767400356935,Obese,-7.828800000000008
171,118,Female,68,40.35429704866455,Obese,-53.66980000000001
163,45,Female,56,16.937031879257784,Underweight,13.451799999999999
175,100,Female,39,32.6530612244898,Obese,-32.625
177,59,Female,29,18.832391713747644,Normal,9.9238
172,117,Female,41,39.54840454299622,Obese,-51.91520000000001
163,41,Female,64,15.431517934434869,Underweight,17.4518
173,112,Female,57,37.421898493100336,Obese,-46.1562
151,76,Male,55,33.33187140914872,Obese,-25.8378
175,59,Female,27,19.26530612244898,Normal,8.375
163,65,Male,52,24.46460160337235,Normal,-6.548200000000001
156,68,Female,68,27.94214332675871,Overweight,-14.460799999999992
152,40,Female,66,17.31301939058172,Underweight,10.828800000000001
172,74,Male,49,25.013520822065985,Overweight,-8.915200000000013
167,109,Female,24,39.08350962745168,Obese,-47.6442
187,98,Male,38,28.024821985186875,Overweight,-21.06819999999999
184,108,Male,37,31.899810964083173,Obese,-33.51679999999999
164,72,Male,43,26.769779892920884,Overweight,-12.828800000000008
174,90,Female,21,29.72651605231867,Overweight,-23.392799999999994
186,117,Female,63,33.818938605619145,Obese,-40.88879999999999
177,51,Female,69,16.278847074595422,Underweight,17.9238
159,59,Male,39,23.337684427040067,Normal,-3.3817999999999984
188,92,Male,32,26.029877772747852,Overweight,-14.243200000000002
166,82,Female,57,29.757584555087824,Overweight,-21.376800000000003
188,89,Female,38,25.18107741059303,Overweight,-11.243200000000002
171,68,Female,32,23.25501863821347,Normal,-3.6698000000000093
175,96,Female,39,31.346938775510203,Obese,-28.625
174,78,Female,69,25.762980578676178,Overweight,-11.392799999999994
166,95,Male,45,34.47525039918711,Obese,-34.3768
162,82,Male,31,31.24523700655387,Obese,-24.26319999999999
169,89,Male,44,31.161373901474043,Obese,-26.165800000000004
174,62,Female,58,20.478266613819528,Normal,4.607200000000006
153,83,Male,57,35.45644837455679,Obese,-31.5002
159,77,Male,45,30.457655947153988,Obese,-21.3818
152,62,Male,43,26.83518005540166,Overweight,-11.171199999999999
167,84,Male,66,30.11940191473341,Obese,-22.644199999999998
185,91,Male,19,26.588750913075234,Overweight,-15.704999999999998
171,119,Female,42,40.696282616873575,Obese,-54.66980000000001
183,89,Male,20,26.575890590940304,Overweight,-15.32419999999999
157,47,Female,25,19.067710657633167,Normal,7.227800000000002
189,40,Female,61,11.197894795778394,Underweight,38.58619999999999
168,47,Female,50,16.65249433106576,Underweight,15.09279999999999
186,68,Female,59,19.65545149728292,Normal,8.11120000000001
155,44,Female,69,18.314255983350673,Underweight,8.855000000000004
175,86,Male,52,28.081632653061224,Overweight,-18.625
183,73,Male,23,21.798202394816204,Normal,0.6758000000000095
155,104,Female,56,43.2882414151925,Obese,-51.144999999999996
186,94,Female,69,27.170771187420506,Overweight,-17.88879999999999
182,82,Female,40,24.755464315903875,Normal,-9.127199999999988
171,113,Male,42,38.64436920761944,Obese,-48.66980000000001
170,69,Female,67,23.87543252595156,Normal,-5.420000000000009
155,56,Male,60,23.309053069719038,Normal,-3.144999999999996
155,65,Female,36,27.055150884495315,Overweight,-12.144999999999996
153,47,Male,22,20.07774787474903,Normal,4.4998000000000005
179,86,Female,68,26.840610467838083,Overweight,-15.509799999999998
160,115,Male,28,44.92187499999999,Obese,-58.67999999999999
179,111,Female,29,34.64311351081427,Obese,-40.5098
180,85,Male,27,26.234567901234566,Overweight,-13.719999999999999
173,107,Male,25,35.751278024658355,Obese,-41.1562
158,72,Male,41,28.841531805800347,Overweight,-17.079199999999993
152,40,Male,45,17.31301939058172,Underweight,10.828800000000001
180,58,Male,58,17.901234567901234,Underweight,13.280000000000001
189,70,Male,53,19.59631589261219,Normal,8.586199999999991
186,119,Male,54,34.39704012024511,Obese,-42.88879999999999
185,53,Female,38,15.485756026296565,Underweight,22.295
173,92,Female,25,30.73941661933242,Obese,-26.1562
180,87,Female,26,26.85185185185185,Overweight,-15.719999999999999
155,108,Female,64,44.95317377731529,Obese,-55.144999999999996
151,101,Female,32,44.29630279373712,Obese,-50.8378
169,105,Male,65,36.76341864780645,Obese,-42.165800000000004
177,103,Male,63,32.87688722908487,Obese,-34.0762
160,109,Male,57,42.57812499999999,Obese,-52.67999999999999
153,102,Male,35,43.57298474945534,Obese,-50.5002
164,112,Male,59,41.64187983343249,Obese,-52.82880000000001
155,72,Female,37,29.968782518210194,Obese,-19.144999999999996
179,80,Female,23,24.968009737523797,Obese,-9.509799999999998
187,87,Female,29,24.879178701135288,Normal,-10.06819999999999
151,52,Female,19,22.806017279943863,Normal,-1.8378000000000014
164,112,Male,24,41.64187983343249,Obese,-52.82880000000001
160,116,Male,33,45.31249999999999,Obese,-59.67999999999999
157,70,Male,20,28.398718000730252,Overweight,-15.772199999999998
175,114,Female,62,37.224489795918366,Obese,-46.625
154,107,Male,20,45.11722044189577,Obese,-54.8248
155,43,Female,44,17.898022892819977,Underweight,9.855000000000004
175,58,Male,67,18.93877551020408,Normal,9.375
153,109,Male,60,46.56328762441796,Obese,-57.5002
168,52,Female,57,18.42403628117914,Underweight,10.09279999999999
169,62,Male,55,21.707923392038097,Normal,0.8341999999999956
182,114,Male,50,34.416133317232216,Obese,-41.12719999999999
169,40,Female,45,14.00511186583103,Underweight,22.834199999999996
161,93,Male,18,35.878245438061796,Obese,-35.9738
150,110,Female,25,48.888888888888886,Obese,-60.5
175,54,Male,54,17.632653061224488,Underweight,13.375
163,104,Male,49,39.14336256539576,Obese,-45.5482
187,115,Male,65,32.88627069690297,Obese,-38.06819999999999
186,110,Male,60,31.795583304428252,Obese,-33.88879999999999
160,54,Male,54,21.093749999999996,Normal,2.3200000000000074
185,60,Male,21,17.531044558071585,Underweight,15.295000000000002
162,58,Male,47,22.10028959000152,Normal,-0.26319999999999055
152,99,Male,23,42.84972299168975,Obese,-48.1712
182,72,Female,63,21.736505252988767,Normal,0.8728000000000122
155,88,Female,36,36.628511966701346,Obese,-35.144999999999996
159,74,Male,49,29.270994027135,Overweight,-18.3818
154,83,Male,26,34.99747006240513,Obese,-30.824800000000003
172,50,Female,29,16.901027582477017,Underweight,15.084799999999987
159,111,Male,28,43.9064910407025,Obese,-55.3818
151,117,Male,63,51.31353887987369,Obese,-66.8378
162,113,Female,33,43.057460752934,Obese,-55.26319999999999
189,105,Male,18,29.394473838918284,Overweight,-26.41380000000001
151,85,Male,62,37.27906670760054,Obese,-34.8378
169,48,Female,38,16.806134238997235,Underweight,14.834199999999996
150,42,Male,47,18.666666666666668,Normal,7.5
186,65,Male,30,18.78829922534397,Normal,11.11120000000001
158,111,Female,51,44.46402820060887,Obese,-56.07919999999999
166,87,Male,21,31.572071418202935,Obese,-26.376800000000003
158,105,Female,45,42.06056721679217,Obese,-50.07919999999999
160,109,Male,55,42.57812499999999,Obese,-52.67999999999999
164,67,Male,48,24.910767400356935,Obese,-7.828800000000008
173,65,Female,44,21.71806608974573,Normal,0.8438000000000017
187,64,Female,22,18.301924561754696,Underweight,12.93180000000001
184,51,Male,42,15.063799621928165,Underweight,23.48320000000001
179,44,Female,20,13.73240535563809,Underweight,26.4902
180,87,Female,50,26.85185185185185,Overweight,-15.719999999999999
154,76,Male,21,32.04587620172036,Obese,-23.824800000000003
163,118,Male,42,44.41266137227596,Obese,-59.5482
160,83,Male,37,32.42187499999999,Obese,-26.679999999999993
158,54,Female,51,21.63114885435026,Normal,0.920800000000007
183,82,Female,43,24.48565200513601,Normal,-8.32419999999999
161,87,Female,22,33.56351992592878,Obese,-29.973799999999997
184,109,Female,52,32.19517958412098,Obese,-34.51679999999999
184,85,Male,45,25.10633270321361,Overweight,-10.51679999999999
150,82,Female,46,36.44444444444444,Obese,-32.5
189,60,Male,26,16.79684219366759,Underweight,18.58619999999999
171,62,Female,69,21.20310522895934,Normal,2.3301999999999907
178,119,Male,55,37.558389092286326,Obese,-49.295199999999994
157,86,Male,67,34.889853543754306,Obese,-31.772199999999998
160,54,Male,23,21.093749999999996,Normal,2.3200000000000074
186,64,Female,36,18.499248468030984,Underweight,12.11120000000001
163,75,Male,61,28.228386465429637,Overweight,-16.5482
179,114,Male,28,35.57941387597141,Obese,-43.5098
184,90,Female,19,26.583175803402646,Overweight,-15.51679999999999
170,54,Male,64,18.68512110726644,Normal,9.579999999999991
186,107,Female,61,30.9284310324893,Obese,-30.88879999999999
154,60,Female,61,25.2993759487266,Overweight,-7.824800000000003
168,52,Male,26,18.42403628117914,Underweight,10.09279999999999
163,58,Male,38,21.829952199932254,Normal,0.45179999999999865
175,73,Female,41,23.836734693877553,Normal,-5.625
153,117,Male,51,49.98077662437524,Obese,-65.5002
174,107,Female,39,35.34152463997886,Obese,-40.392799999999994
174,91,Female,20,30.056810675122207,Obese,-24.392799999999994
167,66,Female,29,23.66524436157625,Normal,-4.644199999999998
189,68,Male,45,19.03642115282327,Normal,10.586199999999991
157,67,Female,47,27.18163008641324,Overweight,-12.772199999999998
188,74,Male,43,20.937075599818925,Normal,3.7567999999999984
189,47,Male,65,13.157526385039613,Underweight,31.58619999999999
163,55,Male,38,20.70081674131507,Normal,3.4517999999999986
181,75,Male,45,22.89307408198773,Normal,-2.9257999999999953
187,69,Female,43,19.73176241814178,Normal,7.93180000000001
182,57,Male,50,17.208066658616108,Underweight,15.872800000000012
172,41,Female,38,13.858842617631153,Underweight,24.084799999999987
164,88,Female,52,32.718619869125526,Obese,-28.828800000000008
182,116,Male,69,35.019925129815235,Obese,-43.12719999999999
174,43,Female,51,14.202668780552253,Underweight,23.607200000000006
166,114,Female,58,41.370300479024536,Obese,-53.3768
182,46,Male,68,13.88721168940949,Underweight,26.872800000000012
151,113,Female,64,49.55922985833955,Obese,-62.8378
163,78,Female,35,29.357521924046825,Overweight,-19.5482
189,52,Female,28,14.557263234511913,Underweight,26.58619999999999
189,70,Female,40,19.59631589261219,Normal,8.586199999999991
188,110,Male,65,31.12267994567678,Obese,-32.2432
155,102,Female,39,42.45577523413111,Obese,-49.144999999999996
155,95,Female,34,39.54214360041623,Obese,-42.144999999999996
152,81,Female,22,35.05886426592798,Obese,-30.1712
156,100,Female,61,41.0913872452334,Obese,-46.46079999999999
157,81,Male,28,32.86137368655929,Obese,-26.772199999999998
164,95,Female,47,35.32123735871506,Obese,-35.82880000000001
178,75,Male,32,23.671253629592222,Normal,-5.295199999999994
182,107,Female,44,32.30286197319164,Obese,-34.12719999999999
179,46,Male,52,14.356605599076184,Underweight,24.4902
188,93,Male,50,26.312811226799457,Overweight,-15.243200000000002
176,40,Male,37,12.913223140495868,Underweight,28.147199999999998
185,83,Male,33,24.251278305332356,Normal,-7.704999999999998
178,84,Male,51,26.511804065143288,Overweight,-14.295199999999994
187,86,Female,19,24.59321112985787,Normal,-9.06819999999999
182,52,Female,52,15.698587127158554,Underweight,20.872800000000012
186,61,Female,57,17.632096196092032,Underweight,15.11120000000001
176,60,Male,45,19.369834710743802,Normal,8.147199999999998
182,48,Female,64,14.491003501992513,Underweight,24.872800000000012
153,65,Male,56,27.76709812465291,Overweight,-13.5002
171,48,Male,23,16.415307274033037,Underweight,16.33019999999999
151,54,Female,26,23.683171790710933,Normal,-3.8378000000000014
159,49,Female,37,19.382144693643447,Normal,6.618200000000002
154,81,Male,18,34.15415753078091,Obese,-28.824800000000003
159,111,Male,25,43.9064910407025,Obese,-55.3818
182,63,Female,40,19.01944209636517,Normal,9.872800000000012
187,119,Female,20,34.03014098201263,Obese,-42.06819999999999
162,88,Female,21,33.53147386069196,Obese,-30.26319999999999
180,65,Female,42,20.061728395061728,Normal,6.280000000000001
185,76,Male,64,22.205989773557338,Normal,-0.7049999999999983
173,107,Female,55,35.751278024658355,Obese,-41.1562
164,89,Female,32,33.09042236763832,Obese,-29.828800000000008
178,63,Female,38,19.883853048857468,Normal,6.704800000000006
157,58,Male,52,23.53036634346221,Normal,-3.772199999999998
154,99,Male,63,41.74397031539889,Obese,-46.8248
178,78,Male,69,24.61810377477591,Normal,-8.295199999999994
153,113,Male,31,48.2720321243966,Obese,-61.5002
161,57,Female,53,21.98989236526368,Normal,0.026200000000002888
151,58,Male,29,25.437480812245077,Overweight,-7.837800000000001
176,75,Female,34,24.212293388429753,Normal,-6.852800000000002
180,113,Female,56,34.876543209876544,Obese,-41.72
185,94,Female,26,27.465303140978815,Overweight,-18.705
185,108,Female,52,31.55588020452885,Obese,-32.705
175,86,Male,30,28.081632653061224,Overweight,-18.625
176,88,Male,32,28.40909090909091,Overweight,-19.852800000000002
154,72,Male,35,30.35925113847192,Obese,-19.824800000000003
169,60,Female,68,21.007667798746546,Normal,2.8341999999999956
160,61,Female,50,23.828124999999996,Normal,-4.679999999999993
159,87,Female,23,34.41319568055061,Obese,-31.3818
189,76,Female,44,21.27600011197895,Normal,2.586199999999991
187,54,Female,40,15.442248848980523,Underweight,22.93180000000001
155,74,Male,44,30.80124869927159,Obese,-21.144999999999996
157,110,Female,51,44.62655685829039,Obese,-55.7722
172,71,Male,63,23.99945916711736,Normal,-5.915200000000013
175,50,Female,55,16.3265306122449,Underweight,17.375
161,49,Female,31,18.90359168241966,Normal,8.026200000000003
175,112,Male,53,36.57142857142857,Obese,-44.625
162,117,Male,25,44.58161865569272,Obese,-59.26319999999999
189,116,Female,52,32.47389490775734,Obese,-37.41380000000001
167,96,Female,36,34.42217361683818,Obese,-34.6442
174,64,Female,47,21.13885585942661,Normal,2.607200000000006
182,41,Female,31,12.377732157951938,Underweight,31.872800000000012
189,103,Male,37,28.834579099129364,Overweight,-24.41380000000001
161,74,Female,66,28.54828131630724,Overweight,-16.973799999999997
185,46,Male,42,13.440467494521547,Underweight,29.295
153,57,Female,57,24.34960912469563,Normal,-5.5001999999999995
154,106,Male,41,44.69556417608366,Obese,-53.8248
186,81,Male,31,23.413111342351716,Normal,-4.888799999999989
157,78,Female,43,31.64428577224228,Obese,-23.772199999999998
177,80,Male,55,25.53544639152223,Overweight,-11.0762
180,114,Female,40,35.18518518518518,Obese,-42.72
158,63,Male,39,25.236340330075304,Overweight,-8.079199999999993
178,99,Female,65,31.246054791061734,Obese,-29.295199999999994
